,date,wind_code,sec_name,wind_type1
1,2020-11-15,600000.SH,浦发银行,上证综合股指
2,2020-11-15,600007.SH,中国国贸,上证综合股指
3,2020-11-15,600015.SH,华夏银行,上证综合股指
4,2020-11-15,600016.SH,民生银行,上证综合股指
5,2020-11-15,600026.SH,中远海能,上证综合股指
6,2020-11-15,600030.SH,中信证券,上证综合股指
7,2020-11-15,600036.SH,招商银行,上证综合股指
8,2020-11-15,600037.SH,歌华有线,上证综合股指
9,2020-11-15,600051.SH,宁波联合,上证综合股指
10,2020-11-15,600052.SH,浙江广厦,上证综合股指
11,2020-11-15,600054.SH,黄山旅游,上证综合股指
12,2020-11-15,600056.SH,中国医药,上证综合股指
13,2020-11-15,600058.SH,五矿发展,上证综合股指
14,2020-11-15,600061.SH,国投资本,上证综合股指
15,2020-11-15,600064.SH,南京高科,上证综合股指
16,2020-11-15,600068.SH,葛洲坝,上证综合股指
17,2020-11-15,600076.SH,康欣新材,上证综合股指
18,2020-11-15,600079.SH,人福医药,上证综合股指
19,2020-11-15,600088.SH,中视传媒,上证综合股指
20,2020-11-15,600093.SH,易见股份,上证综合股指
21,2020-11-15,600095.SH,湘财股份,上证综合股指
22,2020-11-15,600097.SH,开创国际,上证综合股指
23,2020-11-15,600100.SH,同方股份,上证综合股指
24,2020-11-15,600118.SH,中国卫星,上证综合股指
25,2020-11-15,600120.SH,浙江东方,上证综合股指
26,2020-11-15,600121.SH,郑州煤电,上证综合股指
27,2020-11-15,600127.SH,金健米业,上证综合股指
28,2020-11-15,600128.SH,弘业股份,上证综合股指
29,2020-11-15,600133.SH,东湖高新,上证综合股指
30,2020-11-15,600138.SH,中青旅,上证综合股指
31,2020-11-15,600153.SH,建发股份,上证综合股指
32,2020-11-15,600158.SH,中体产业,上证综合股指
33,2020-11-15,600170.SH,上海建工,上证综合股指
34,2020-11-15,600180.SH,瑞茂通,上证综合股指
35,2020-11-15,600185.SH,格力地产,上证综合股指
36,2020-11-15,600195.SH,中牧股份,上证综合股指
37,2020-11-15,600196.SH,复星医药,上证综合股指
38,2020-11-15,600199.SH,金种子酒,上证综合股指
39,2020-11-15,600208.SH,新湖中宝,上证综合股指
40,2020-11-15,600223.SH,鲁商发展,上证综合股指
41,2020-11-15,600248.SH,延长化建,上证综合股指
42,2020-11-15,600251.SH,冠农股份,上证综合股指
43,2020-11-15,600257.SH,大湖股份,上证综合股指
44,2020-11-15,600258.SH,首旅酒店,上证综合股指
45,2020-11-15,600266.SH,城建发展,上证综合股指
46,2020-11-15,600288.SH,大恒科技,上证综合股指
47,2020-11-15,600313.SH,农发种业,上证综合股指
48,2020-11-15,600345.SH,长江通信,上证综合股指
49,2020-11-15,600359.SH,新农开发,上证综合股指
50,2020-11-15,600378.SH,昊华科技,上证综合股指
51,2020-11-15,600403.SH,大有能源,上证综合股指
52,2020-11-15,600446.SH,金证股份,上证综合股指
53,2020-11-15,600455.SH,博通股份,上证综合股指
54,2020-11-15,600467.SH,好当家,上证综合股指
55,2020-11-15,600500.SH,中化国际,上证综合股指
56,2020-11-15,600502.SH,安徽建工,上证综合股指
57,2020-11-15,600503.SH,华丽家族,上证综合股指
58,2020-11-15,600506.SH,香梨股份,上证综合股指
59,2020-11-15,600537.SH,亿晶光电,上证综合股指
60,2020-11-15,600571.SH,信雅达,上证综合股指
61,2020-11-15,600593.SH,大连圣亚,上证综合股指
62,2020-11-15,600598.SH,北大荒,上证综合股指
63,2020-11-15,600620.SH,天宸股份,上证综合股指
64,2020-11-15,600643.SH,爱建集团,上证综合股指
65,2020-11-15,600653.SH,申华控股,上证综合股指
66,2020-11-15,600676.SH,交运股份,上证综合股指
67,2020-11-15,600695.SH,绿庭投资,上证综合股指
68,2020-11-15,600704.SH,物产中大,上证综合股指
69,2020-11-15,600705.SH,中航资本,上证综合股指
70,2020-11-15,600706.SH,曲江文旅,上证综合股指
71,2020-11-15,600708.SH,光明地产,上证综合股指
72,2020-11-15,600711.SH,盛屯矿业,上证综合股指
73,2020-11-15,600718.SH,东软集团,上证综合股指
74,2020-11-15,600728.SH,佳都科技,上证综合股指
75,2020-11-15,600730.SH,中国高科,上证综合股指
76,2020-11-15,600736.SH,苏州高新,上证综合股指
77,2020-11-15,600739.SH,辽宁成大,上证综合股指
78,2020-11-15,600749.SH,西藏旅游,上证综合股指
79,2020-11-15,600755.SH,厦门国贸,上证综合股指
80,2020-11-15,600756.SH,浪潮软件,上证综合股指
81,2020-11-15,600758.SH,辽宁能源,上证综合股指
82,2020-11-15,600759.SH,洲际油气,上证综合股指
83,2020-11-15,600773.SH,西藏城投,上证综合股指
84,2020-11-15,600777.SH,新潮能源,上证综合股指
85,2020-11-15,600784.SH,鲁银投资,上证综合股指
86,2020-11-15,600787.SH,中储股份,上证综合股指
87,2020-11-15,600790.SH,轻纺城,上证综合股指
88,2020-11-15,600805.SH,悦达投资,上证综合股指
89,2020-11-15,600811.SH,东方集团,上证综合股指
90,2020-11-15,600822.SH,上海物贸,上证综合股指
91,2020-11-15,600837.SH,海通证券,上证综合股指
92,2020-11-15,600846.SH,同济科技,上证综合股指
93,2020-11-15,600850.SH,华东电脑,上证综合股指
94,2020-11-15,600858.SH,银座股份,上证综合股指
95,2020-11-15,600861.SH,北京城乡,上证综合股指
96,2020-11-15,600868.SH,梅雁吉祥,上证综合股指
97,2020-11-15,600881.SH,亚泰集团,上证综合股指
98,2020-11-15,600893.SH,航发动力,上证综合股指
99,2020-11-15,600895.SH,张江高科,上证综合股指
100,2020-11-15,600958.SH,东方证券,上证综合股指
101,2020-11-15,600959.SH,江苏有线,上证综合股指
102,2020-11-15,600962.SH,国投中鲁,上证综合股指
103,2020-11-15,600965.SH,福成股份,上证综合股指
104,2020-11-15,600975.SH,新五丰,上证综合股指
105,2020-11-15,600998.SH,九州通,上证综合股指
106,2020-11-15,600999.SH,招商证券,上证综合股指
107,2020-11-15,601000.SH,唐山港,上证综合股指
108,2020-11-15,601007.SH,金陵饭店,上证综合股指
109,2020-11-15,601009.SH,南京银行,上证综合股指
110,2020-11-15,601019.SH,山东出版,上证综合股指
111,2020-11-15,601098.SH,中南传媒,上证综合股指
112,2020-11-15,601099.SH,太平洋,上证综合股指
113,2020-11-15,601107.SH,四川成渝,上证综合股指
114,2020-11-15,601117.SH,中国化学,上证综合股指
115,2020-11-15,601166.SH,兴业银行,上证综合股指
116,2020-11-15,601169.SH,北京银行,上证综合股指
117,2020-11-15,601211.SH,国泰君安,上证综合股指
118,2020-11-15,601228.SH,广州港,上证综合股指
119,2020-11-15,601238.SH,广汽集团,上证综合股指
120,2020-11-15,601288.SH,农业银行,上证综合股指
121,2020-11-15,601298.SH,青岛港,上证综合股指
122,2020-11-15,601318.SH,中国平安,上证综合股指
123,2020-11-15,601319.SH,中国人保,上证综合股指
124,2020-11-15,601326.SH,秦港股份,上证综合股指
125,2020-11-15,601328.SH,交通银行,上证综合股指
126,2020-11-15,601336.SH,新华保险,上证综合股指
127,2020-11-15,601360.SH,三六零,上证综合股指
128,2020-11-15,601377.SH,兴业证券,上证综合股指
129,2020-11-15,601398.SH,工商银行,上证综合股指
130,2020-11-15,601512.SH,中新集团,上证综合股指
131,2020-11-15,601519.SH,大智慧,上证综合股指
132,2020-11-15,601555.SH,东吴证券,上证综合股指
133,2020-11-15,601598.SH,中国外运,上证综合股指
134,2020-11-15,601601.SH,中国太保,上证综合股指
135,2020-11-15,601628.SH,中国人寿,上证综合股指
136,2020-11-15,601688.SH,华泰证券,上证综合股指
137,2020-11-15,601689.SH,拓普集团,上证综合股指
138,2020-11-15,601696.SH,中银证券,上证综合股指
139,2020-11-15,601718.SH,际华集团,上证综合股指
140,2020-11-15,601788.SH,光大证券,上证综合股指
141,2020-11-15,601801.SH,皖新传媒,上证综合股指
142,2020-11-15,601808.SH,中海油服,上证综合股指
143,2020-11-15,601811.SH,新华文轩,上证综合股指
144,2020-11-15,601818.SH,光大银行,上证综合股指
145,2020-11-15,601858.SH,中国科传,上证综合股指
146,2020-11-15,601872.SH,招商轮船,上证综合股指
147,2020-11-15,601888.SH,中国中免,上证综合股指
148,2020-11-15,601900.SH,南方传媒,上证综合股指
149,2020-11-15,601901.SH,方正证券,上证综合股指
150,2020-11-15,601919.SH,中远海控,上证综合股指
151,2020-11-15,601928.SH,凤凰传媒,上证综合股指
152,2020-11-15,601933.SH,永辉超市,上证综合股指
153,2020-11-15,601939.SH,建设银行,上证综合股指
154,2020-11-15,601949.SH,中国出版,上证综合股指
155,2020-11-15,601952.SH,苏垦农发,上证综合股指
156,2020-11-15,601975.SH,招商南油,上证综合股指
157,2020-11-15,601988.SH,中国银行,上证综合股指
158,2020-11-15,601998.SH,中信银行,上证综合股指
159,2020-11-15,603000.SH,人民网,上证综合股指
160,2020-11-15,603056.SH,德邦股份,上证综合股指
161,2020-11-15,603060.SH,国检集团,上证综合股指
162,2020-11-15,603096.SH,新经典,上证综合股指
163,2020-11-15,603099.SH,长白山,上证综合股指
164,2020-11-15,603103.SH,横店影视,上证综合股指
165,2020-11-15,603128.SH,华贸物流,上证综合股指
166,2020-11-15,603136.SH,天目湖,上证综合股指
167,2020-11-15,603167.SH,渤海轮渡,上证综合股指
168,2020-11-15,603189.SH,网达软件,上证综合股指
169,2020-11-15,603199.SH,九华旅游,上证综合股指
170,2020-11-15,603223.SH,恒通股份,上证综合股指
171,2020-11-15,603259.SH,药明康德,上证综合股指
172,2020-11-15,603329.SH,上海雅仕,上证综合股指
173,2020-11-15,603357.SH,设计总院,上证综合股指
174,2020-11-15,603365.SH,水星家纺,上证综合股指
175,2020-11-15,603377.SH,东方时尚,上证综合股指
176,2020-11-15,603515.SH,欧普照明,上证综合股指
177,2020-11-15,603533.SH,掌阅科技,上证综合股指
178,2020-11-15,603559.SH,中通国脉,上证综合股指
179,2020-11-15,603598.SH,引力传媒,上证综合股指
180,2020-11-15,603603.SH,博天环境,上证综合股指
181,2020-11-15,603661.SH,恒林股份,上证综合股指
182,2020-11-15,603713.SH,密尔克卫,上证综合股指
183,2020-11-15,603716.SH,塞力斯,上证综合股指
184,2020-11-15,603721.SH,中广天择,上证综合股指
185,2020-11-15,603776.SH,永安行,上证综合股指
186,2020-11-15,603813.SH,原尚股份,上证综合股指
187,2020-11-15,603858.SH,步长制药,上证综合股指
188,2020-11-15,603869.SH,新智认知,上证综合股指
189,2020-11-15,603871.SH,嘉友国际,上证综合股指
190,2020-11-15,603880.SH,南卫股份,上证综合股指
191,2020-11-15,603882.SH,金域医学,上证综合股指
192,2020-11-15,603885.SH,吉祥航空,上证综合股指
193,2020-11-15,603888.SH,新华网,上证综合股指
194,2020-11-15,603967.SH,中创物流,上证综合股指
195,2020-11-15,688128.SH,中国电研,上证综合股指
196,2020-11-15,900919.SH,绿庭B股,上证综合股指
197,2020-11-15,900927.SH,物贸B股,上证综合股指
198,2020-11-15,900929.SH,锦旅B股,上证综合股指
199,2020-11-15,900942.SH,黄山B股,上证综合股指
1,2020-11-15,000001.SZ,平安银行,深证成份指
2,2020-11-15,000002.SZ,万科A,深证成份指
3,2020-11-15,000008.SZ,神州高铁,深证成份指
4,2020-11-15,000009.SZ,中国宝安,深证成份指
5,2020-11-15,000012.SZ,南玻A,深证成份指
6,2020-11-15,000021.SZ,深科技,深证成份指
7,2020-11-15,000027.SZ,深圳能源,深证成份指
8,2020-11-15,000028.SZ,国药一致,深证成份指
9,2020-11-15,000031.SZ,大悦城,深证成份指
10,2020-11-15,000034.SZ,神州数码,深证成份指
11,2020-11-15,000035.SZ,中国天楹,深证成份指
12,2020-11-15,000039.SZ,中集集团,深证成份指
13,2020-11-15,000046.SZ,泛海控股,深证成份指
14,2020-11-15,000050.SZ,深天马A,深证成份指
15,2020-11-15,000059.SZ,华锦股份,深证成份指
16,2020-11-15,000060.SZ,中金岭南,深证成份指
17,2020-11-15,000062.SZ,深圳华强,深证成份指
18,2020-11-15,000063.SZ,中兴通讯,深证成份指
19,2020-11-15,000066.SZ,中国长城,深证成份指
20,2020-11-15,000069.SZ,华侨城A,深证成份指
21,2020-11-15,000078.SZ,海王生物,深证成份指
22,2020-11-15,000089.SZ,深圳机场,深证成份指
23,2020-11-15,000100.SZ,TCL科技,深证成份指
24,2020-11-15,000156.SZ,华数传媒,深证成份指
25,2020-11-15,000157.SZ,中联重科,深证成份指
26,2020-11-15,000158.SZ,常山北明,深证成份指
27,2020-11-15,000166.SZ,申万宏源,深证成份指
28,2020-11-15,000301.SZ,东方盛虹,深证成份指
29,2020-11-15,000333.SZ,美的集团,深证成份指
30,2020-11-15,000338.SZ,潍柴动力,深证成份指
31,2020-11-15,000400.SZ,许继电气,深证成份指
32,2020-11-15,000401.SZ,冀东水泥,深证成份指
33,2020-11-15,000402.SZ,金融街,深证成份指
34,2020-11-15,000413.SZ,东旭光电,深证成份指
35,2020-11-15,000415.SZ,渤海租赁,深证成份指
36,2020-11-15,000423.SZ,东阿阿胶,深证成份指
37,2020-11-15,000425.SZ,徐工机械,深证成份指
38,2020-11-15,000488.SZ,晨鸣纸业,深证成份指
39,2020-11-15,000513.SZ,丽珠集团,深证成份指
40,2020-11-15,000516.SZ,国际医学,深证成份指
41,2020-11-15,000528.SZ,柳工,深证成份指
42,2020-11-15,000537.SZ,广宇发展,深证成份指
43,2020-11-15,000538.SZ,云南白药,深证成份指
44,2020-11-15,000540.SZ,中天金融,深证成份指
45,2020-11-15,000547.SZ,航天发展,深证成份指
46,2020-11-15,000553.SZ,安道麦A,深证成份指
47,2020-11-15,000555.SZ,神州信息,深证成份指
48,2020-11-15,000559.SZ,万向钱潮,深证成份指
49,2020-11-15,000560.SZ,我爱我家,深证成份指
50,2020-11-15,000563.SZ,陕国投A,深证成份指
51,2020-11-15,000564.SZ,供销大集,深证成份指
52,2020-11-15,000568.SZ,泸州老窖,深证成份指
53,2020-11-15,000581.SZ,威孚高科,深证成份指
54,2020-11-15,000582.SZ,北部湾港,深证成份指
55,2020-11-15,000591.SZ,太阳能,深证成份指
56,2020-11-15,000596.SZ,古井贡酒,深证成份指
57,2020-11-15,000598.SZ,兴蓉环境,深证成份指
58,2020-11-15,000600.SZ,建投能源,深证成份指
59,2020-11-15,000617.SZ,中油资本,深证成份指
60,2020-11-15,000623.SZ,吉林敖东,深证成份指
61,2020-11-15,000625.SZ,长安汽车,深证成份指
62,2020-11-15,000627.SZ,天茂集团,深证成份指
63,2020-11-15,000629.SZ,攀钢钒钛,深证成份指
64,2020-11-15,000630.SZ,铜陵有色,深证成份指
65,2020-11-15,000650.SZ,仁和药业,深证成份指
66,2020-11-15,000651.SZ,格力电器,深证成份指
67,2020-11-15,000656.SZ,金科股份,深证成份指
68,2020-11-15,000661.SZ,长春高新,深证成份指
69,2020-11-15,000671.SZ,阳光城,深证成份指
70,2020-11-15,000672.SZ,上峰水泥,深证成份指
71,2020-11-15,000676.SZ,智度股份,深证成份指
72,2020-11-15,000681.SZ,视觉中国,深证成份指
73,2020-11-15,000683.SZ,远兴能源,深证成份指
74,2020-11-15,000685.SZ,中山公用,深证成份指
75,2020-11-15,000686.SZ,东北证券,深证成份指
76,2020-11-15,000688.SZ,国城矿业,深证成份指
77,2020-11-15,000690.SZ,宝新能源,深证成份指
78,2020-11-15,000703.SZ,恒逸石化,深证成份指
79,2020-11-15,000708.SZ,中信特钢,深证成份指
80,2020-11-15,000709.SZ,河钢股份,深证成份指
81,2020-11-15,000710.SZ,贝瑞基因,深证成份指
82,2020-11-15,000712.SZ,锦龙股份,深证成份指
83,2020-11-15,000717.SZ,韶钢松山,深证成份指
84,2020-11-15,000718.SZ,苏宁环球,深证成份指
85,2020-11-15,000723.SZ,美锦能源,深证成份指
86,2020-11-15,000725.SZ,京东方A,深证成份指
87,2020-11-15,000728.SZ,国元证券,深证成份指
88,2020-11-15,000729.SZ,燕京啤酒,深证成份指
89,2020-11-15,000732.SZ,泰禾集团,深证成份指
90,2020-11-15,000735.SZ,罗牛山,深证成份指
91,2020-11-15,000738.SZ,航发控制,深证成份指
92,2020-11-15,000739.SZ,普洛药业,深证成份指
93,2020-11-15,000750.SZ,国海证券,深证成份指
94,2020-11-15,000758.SZ,中色股份,深证成份指
95,2020-11-15,000768.SZ,中航飞机,深证成份指
96,2020-11-15,000776.SZ,广发证券,深证成份指
97,2020-11-15,000778.SZ,新兴铸管,深证成份指
98,2020-11-15,000783.SZ,长江证券,深证成份指
99,2020-11-15,000785.SZ,居然之家,深证成份指
100,2020-11-15,000786.SZ,北新建材,深证成份指
101,2020-11-15,000789.SZ,万年青,深证成份指
102,2020-11-15,000800.SZ,一汽解放,深证成份指
103,2020-11-15,000807.SZ,云铝股份,深证成份指
104,2020-11-15,000810.SZ,创维数字,深证成份指
105,2020-11-15,000825.SZ,太钢不锈,深证成份指
106,2020-11-15,000826.SZ,启迪环境,深证成份指
107,2020-11-15,000830.SZ,鲁西化工,深证成份指
108,2020-11-15,000831.SZ,五矿稀土,深证成份指
109,2020-11-15,000839.SZ,中信国安,深证成份指
110,2020-11-15,000858.SZ,五粮液,深证成份指
111,2020-11-15,000860.SZ,顺鑫农业,深证成份指
112,2020-11-15,000869.SZ,张裕A,深证成份指
113,2020-11-15,000876.SZ,新希望,深证成份指
114,2020-11-15,000877.SZ,天山股份,深证成份指
115,2020-11-15,000878.SZ,云南铜业,深证成份指
116,2020-11-15,000883.SZ,湖北能源,深证成份指
117,2020-11-15,000887.SZ,中鼎股份,深证成份指
118,2020-11-15,000895.SZ,双汇发展,深证成份指
119,2020-11-15,000898.SZ,鞍钢股份,深证成份指
120,2020-11-15,000902.SZ,新洋丰,深证成份指
121,2020-11-15,000921.SZ,海信家电,深证成份指
122,2020-11-15,000923.SZ,河钢资源,深证成份指
123,2020-11-15,000930.SZ,中粮科技,深证成份指
124,2020-11-15,000932.SZ,华菱钢铁,深证成份指
125,2020-11-15,000933.SZ,神火股份,深证成份指
126,2020-11-15,000935.SZ,四川双马,深证成份指
127,2020-11-15,000937.SZ,冀中能源,深证成份指
128,2020-11-15,000938.SZ,紫光股份,深证成份指
129,2020-11-15,000950.SZ,重药控股,深证成份指
130,2020-11-15,000951.SZ,中国重汽,深证成份指
131,2020-11-15,000958.SZ,东方能源,深证成份指
132,2020-11-15,000959.SZ,首钢股份,深证成份指
133,2020-11-15,000960.SZ,锡业股份,深证成份指
134,2020-11-15,000961.SZ,中南建设,深证成份指
135,2020-11-15,000963.SZ,华东医药,深证成份指
136,2020-11-15,000967.SZ,盈峰环境,深证成份指
137,2020-11-15,000968.SZ,蓝焰控股,深证成份指
138,2020-11-15,000970.SZ,中科三环,深证成份指
139,2020-11-15,000975.SZ,银泰黄金,深证成份指
140,2020-11-15,000977.SZ,浪潮信息,深证成份指
141,2020-11-15,000983.SZ,西山煤电,深证成份指
142,2020-11-15,000987.SZ,越秀金控,深证成份指
143,2020-11-15,000988.SZ,华工科技,深证成份指
144,2020-11-15,000989.SZ,九芝堂,深证成份指
145,2020-11-15,000990.SZ,诚志股份,深证成份指
146,2020-11-15,000997.SZ,新大陆,深证成份指
147,2020-11-15,000998.SZ,隆平高科,深证成份指
148,2020-11-15,000999.SZ,华润三九,深证成份指
149,2020-11-15,001872.SZ,招商港口,深证成份指
150,2020-11-15,001914.SZ,招商积余,深证成份指
151,2020-11-15,001965.SZ,招商公路,深证成份指
152,2020-11-15,001979.SZ,招商蛇口,深证成份指
153,2020-11-15,002001.SZ,新和成,深证成份指
154,2020-11-15,002002.SZ,鸿达兴业,深证成份指
155,2020-11-15,002004.SZ,华邦健康,深证成份指
156,2020-11-15,002007.SZ,华兰生物,深证成份指
157,2020-11-15,002008.SZ,大族激光,深证成份指
158,2020-11-15,002010.SZ,传化智联,深证成份指
159,2020-11-15,002013.SZ,中航机电,深证成份指
160,2020-11-15,002019.SZ,亿帆医药,深证成份指
161,2020-11-15,002023.SZ,海特高新,深证成份指
162,2020-11-15,002024.SZ,苏宁易购,深证成份指
163,2020-11-15,002025.SZ,航天电器,深证成份指
164,2020-11-15,002027.SZ,分众传媒,深证成份指
165,2020-11-15,002028.SZ,思源电气,深证成份指
166,2020-11-15,002030.SZ,达安基因,深证成份指
167,2020-11-15,002032.SZ,苏泊尔,深证成份指
168,2020-11-15,002035.SZ,华帝股份,深证成份指
169,2020-11-15,002038.SZ,双鹭药业,深证成份指
170,2020-11-15,002042.SZ,华孚时尚,深证成份指
171,2020-11-15,002044.SZ,美年健康,深证成份指
172,2020-11-15,002048.SZ,宁波华翔,深证成份指
173,2020-11-15,002049.SZ,紫光国微,深证成份指
174,2020-11-15,002050.SZ,三花智控,深证成份指
175,2020-11-15,002051.SZ,中工国际,深证成份指
176,2020-11-15,002056.SZ,横店东磁,深证成份指
177,2020-11-15,002061.SZ,浙江交科,深证成份指
178,2020-11-15,002064.SZ,华峰氨纶,深证成份指
179,2020-11-15,002065.SZ,东华软件,深证成份指
180,2020-11-15,002074.SZ,国轩高科,深证成份指
181,2020-11-15,002075.SZ,沙钢股份,深证成份指
182,2020-11-15,002078.SZ,太阳纸业,深证成份指
183,2020-11-15,002080.SZ,中材科技,深证成份指
184,2020-11-15,002081.SZ,金螳螂,深证成份指
185,2020-11-15,002085.SZ,万丰奥威,深证成份指
186,2020-11-15,002091.SZ,江苏国泰,深证成份指
187,2020-11-15,002092.SZ,中泰化学,深证成份指
188,2020-11-15,002099.SZ,海翔药业,深证成份指
189,2020-11-15,002100.SZ,天康生物,深证成份指
190,2020-11-15,002110.SZ,三钢闽光,深证成份指
191,2020-11-15,002118.SZ,紫鑫药业,深证成份指
192,2020-11-15,002120.SZ,韵达股份,深证成份指
193,2020-11-15,002123.SZ,梦网集团,深证成份指
194,2020-11-15,002124.SZ,天邦股份,深证成份指
195,2020-11-15,002127.SZ,南极电商,深证成份指
196,2020-11-15,002128.SZ,露天煤业,深证成份指
197,2020-11-15,002129.SZ,中环股份,深证成份指
198,2020-11-15,002131.SZ,利欧股份,深证成份指
199,2020-11-15,002138.SZ,顺络电子,深证成份指
200,2020-11-15,002142.SZ,宁波银行,深证成份指
201,2020-11-15,002146.SZ,荣盛发展,深证成份指
202,2020-11-15,002151.SZ,北斗星通,深证成份指
203,2020-11-15,002152.SZ,广电运通,深证成份指
204,2020-11-15,002153.SZ,石基信息,深证成份指
205,2020-11-15,002155.SZ,湖南黄金,深证成份指
206,2020-11-15,002156.SZ,通富微电,深证成份指
207,2020-11-15,002157.SZ,正邦科技,深证成份指
208,2020-11-15,002174.SZ,游族网络,深证成份指
209,2020-11-15,002179.SZ,中航光电,深证成份指
210,2020-11-15,002180.SZ,纳思达,深证成份指
211,2020-11-15,002183.SZ,怡亚通,深证成份指
212,2020-11-15,002185.SZ,华天科技,深证成份指
213,2020-11-15,002191.SZ,劲嘉股份,深证成份指
214,2020-11-15,002194.SZ,武汉凡谷,深证成份指
215,2020-11-15,002195.SZ,二三四五,深证成份指
216,2020-11-15,002202.SZ,金风科技,深证成份指
217,2020-11-15,002203.SZ,海亮股份,深证成份指
218,2020-11-15,002212.SZ,南洋股份,深证成份指
219,2020-11-15,002216.SZ,三全食品,深证成份指
220,2020-11-15,002217.SZ,合力泰,深证成份指
221,2020-11-15,002223.SZ,鱼跃医疗,深证成份指
222,2020-11-15,002230.SZ,科大讯飞,深证成份指
223,2020-11-15,002233.SZ,塔牌集团,深证成份指
224,2020-11-15,002236.SZ,大华股份,深证成份指
225,2020-11-15,002237.SZ,恒邦股份,深证成份指
226,2020-11-15,002241.SZ,歌尔股份,深证成份指
227,2020-11-15,002242.SZ,九阳股份,深证成份指
228,2020-11-15,002243.SZ,通产丽星,深证成份指
229,2020-11-15,002244.SZ,滨江集团,深证成份指
230,2020-11-15,002249.SZ,大洋电机,深证成份指
231,2020-11-15,002250.SZ,联化科技,深证成份指
232,2020-11-15,002252.SZ,上海莱士,深证成份指
233,2020-11-15,002262.SZ,恩华药业,深证成份指
234,2020-11-15,002266.SZ,浙富控股,深证成份指
235,2020-11-15,002268.SZ,卫士通,深证成份指
236,2020-11-15,002271.SZ,东方雨虹,深证成份指
237,2020-11-15,002273.SZ,水晶光电,深证成份指
238,2020-11-15,002281.SZ,光迅科技,深证成份指
239,2020-11-15,002292.SZ,奥飞娱乐,深证成份指
240,2020-11-15,002294.SZ,信立泰,深证成份指
241,2020-11-15,002299.SZ,圣农发展,深证成份指
242,2020-11-15,002302.SZ,西部建设,深证成份指
243,2020-11-15,002304.SZ,洋河股份,深证成份指
244,2020-11-15,002310.SZ,东方园林,深证成份指
245,2020-11-15,002311.SZ,海大集团,深证成份指
246,2020-11-15,002320.SZ,海峡股份,深证成份指
247,2020-11-15,002340.SZ,格林美,深证成份指
248,2020-11-15,002352.SZ,顺丰控股,深证成份指
249,2020-11-15,002353.SZ,杰瑞股份,深证成份指
250,2020-11-15,002368.SZ,太极股份,深证成份指
251,2020-11-15,002371.SZ,北方华创,深证成份指
252,2020-11-15,002372.SZ,伟星新材,深证成份指
253,2020-11-15,002373.SZ,千方科技,深证成份指
254,2020-11-15,002376.SZ,新北洋,深证成份指
255,2020-11-15,002382.SZ,蓝帆医疗,深证成份指
256,2020-11-15,002383.SZ,合众思壮,深证成份指
257,2020-11-15,002384.SZ,东山精密,深证成份指
258,2020-11-15,002385.SZ,大北农,深证成份指
259,2020-11-15,002387.SZ,维信诺,深证成份指
260,2020-11-15,002389.SZ,航天彩虹,深证成份指
261,2020-11-15,002390.SZ,信邦制药,深证成份指
262,2020-11-15,002396.SZ,星网锐捷,深证成份指
263,2020-11-15,002399.SZ,海普瑞,深证成份指
264,2020-11-15,002402.SZ,和而泰,深证成份指
265,2020-11-15,002405.SZ,四维图新,深证成份指
266,2020-11-15,002407.SZ,多氟多,深证成份指
267,2020-11-15,002408.SZ,齐翔腾达,深证成份指
268,2020-11-15,002409.SZ,雅克科技,深证成份指
269,2020-11-15,002410.SZ,广联达,深证成份指
270,2020-11-15,002414.SZ,高德红外,深证成份指
271,2020-11-15,002415.SZ,海康威视,深证成份指
272,2020-11-15,002419.SZ,天虹股份,深证成份指
273,2020-11-15,002422.SZ,科伦药业,深证成份指
274,2020-11-15,002423.SZ,中粮资本,深证成份指
275,2020-11-15,002424.SZ,贵州百灵,深证成份指
276,2020-11-15,002429.SZ,兆驰股份,深证成份指
277,2020-11-15,002430.SZ,杭氧股份,深证成份指
278,2020-11-15,002434.SZ,万里扬,深证成份指
279,2020-11-15,002436.SZ,兴森科技,深证成份指
280,2020-11-15,002439.SZ,启明星辰,深证成份指
281,2020-11-15,002440.SZ,闰土股份,深证成份指
282,2020-11-15,002444.SZ,巨星科技,深证成份指
283,2020-11-15,002449.SZ,国星光电,深证成份指
284,2020-11-15,002456.SZ,欧菲光,深证成份指
285,2020-11-15,002458.SZ,益生股份,深证成份指
286,2020-11-15,002459.SZ,晶澳科技,深证成份指
287,2020-11-15,002460.SZ,赣锋锂业,深证成份指
288,2020-11-15,002461.SZ,珠江啤酒,深证成份指
289,2020-11-15,002463.SZ,沪电股份,深证成份指
290,2020-11-15,002465.SZ,海格通信,深证成份指
291,2020-11-15,002466.SZ,天齐锂业,深证成份指
292,2020-11-15,002468.SZ,申通快递,深证成份指
293,2020-11-15,002475.SZ,立讯精密,深证成份指
294,2020-11-15,002491.SZ,通鼎互联,深证成份指
295,2020-11-15,002493.SZ,荣盛石化,深证成份指
296,2020-11-15,002500.SZ,山西证券,深证成份指
297,2020-11-15,002503.SZ,搜于特,深证成份指
298,2020-11-15,002505.SZ,大康农业,深证成份指
299,2020-11-15,002506.SZ,协鑫集成,深证成份指
300,2020-11-15,002507.SZ,涪陵榨菜,深证成份指
301,2020-11-15,002508.SZ,老板电器,深证成份指
302,2020-11-15,002511.SZ,中顺洁柔,深证成份指
303,2020-11-15,002531.SZ,天顺风能,深证成份指
304,2020-11-15,002537.SZ,海联金汇,深证成份指
305,2020-11-15,002544.SZ,杰赛科技,深证成份指
306,2020-11-15,002555.SZ,三七互娱,深证成份指
307,2020-11-15,002557.SZ,洽洽食品,深证成份指
308,2020-11-15,002558.SZ,巨人网络,深证成份指
309,2020-11-15,002563.SZ,森马服饰,深证成份指
310,2020-11-15,002568.SZ,百润股份,深证成份指
311,2020-11-15,002572.SZ,索菲亚,深证成份指
312,2020-11-15,002583.SZ,海能达,深证成份指
313,2020-11-15,002589.SZ,瑞康医药,深证成份指
314,2020-11-15,002594.SZ,比亚迪,深证成份指
315,2020-11-15,002595.SZ,豪迈科技,深证成份指
316,2020-11-15,002596.SZ,海南瑞泽,深证成份指
317,2020-11-15,002597.SZ,金禾实业,深证成份指
318,2020-11-15,002600.SZ,领益智造,深证成份指
319,2020-11-15,002601.SZ,龙蟒佰利,深证成份指
320,2020-11-15,002602.SZ,世纪华通,深证成份指
321,2020-11-15,002603.SZ,以岭药业,深证成份指
322,2020-11-15,002607.SZ,中公教育,深证成份指
323,2020-11-15,002611.SZ,东方精工,深证成份指
324,2020-11-15,002624.SZ,完美世界,深证成份指
325,2020-11-15,002625.SZ,光启技术,深证成份指
326,2020-11-15,002635.SZ,安洁科技,深证成份指
327,2020-11-15,002640.SZ,跨境通,深证成份指
328,2020-11-15,002643.SZ,万润股份,深证成份指
329,2020-11-15,002648.SZ,卫星石化,深证成份指
330,2020-11-15,002653.SZ,海思科,深证成份指
331,2020-11-15,002665.SZ,首航高科,深证成份指
332,2020-11-15,002670.SZ,国盛金控,深证成份指
333,2020-11-15,002673.SZ,西部证券,深证成份指
334,2020-11-15,002675.SZ,东诚药业,深证成份指
335,2020-11-15,002683.SZ,宏大爆破,深证成份指
336,2020-11-15,002690.SZ,美亚光电,深证成份指
337,2020-11-15,002701.SZ,奥瑞金,深证成份指
338,2020-11-15,002705.SZ,新宝股份,深证成份指
339,2020-11-15,002709.SZ,天赐材料,深证成份指
340,2020-11-15,002714.SZ,牧原股份,深证成份指
341,2020-11-15,002727.SZ,一心堂,深证成份指
342,2020-11-15,002736.SZ,国信证券,深证成份指
343,2020-11-15,002737.SZ,葵花药业,深证成份指
344,2020-11-15,002739.SZ,万达电影,深证成份指
345,2020-11-15,002745.SZ,木林森,深证成份指
346,2020-11-15,002755.SZ,奥赛康,深证成份指
347,2020-11-15,002773.SZ,康弘药业,深证成份指
348,2020-11-15,002791.SZ,坚朗五金,深证成份指
349,2020-11-15,002797.SZ,第一创业,深证成份指
350,2020-11-15,002807.SZ,江阴银行,深证成份指
351,2020-11-15,002812.SZ,恩捷股份,深证成份指
352,2020-11-15,002815.SZ,崇达技术,深证成份指
353,2020-11-15,002818.SZ,富森美,深证成份指
354,2020-11-15,002821.SZ,凯莱英,深证成份指
355,2020-11-15,002831.SZ,裕同科技,深证成份指
356,2020-11-15,002839.SZ,张家港行,深证成份指
357,2020-11-15,002841.SZ,视源股份,深证成份指
358,2020-11-15,002867.SZ,周大生,深证成份指
359,2020-11-15,002901.SZ,大博医疗,深证成份指
360,2020-11-15,002911.SZ,佛燃能源,深证成份指
361,2020-11-15,002912.SZ,中新赛克,深证成份指
362,2020-11-15,002916.SZ,深南电路,深证成份指
363,2020-11-15,002920.SZ,德赛西威,深证成份指
364,2020-11-15,002925.SZ,盈趣科技,深证成份指
365,2020-11-15,002926.SZ,华西证券,深证成份指
366,2020-11-15,002936.SZ,郑州银行,深证成份指
367,2020-11-15,002938.SZ,鹏鼎控股,深证成份指
368,2020-11-15,002939.SZ,长城证券,深证成份指
369,2020-11-15,002941.SZ,新疆交建,深证成份指
370,2020-11-15,002946.SZ,新乳业,深证成份指
371,2020-11-15,002948.SZ,青岛银行,深证成份指
372,2020-11-15,002950.SZ,奥美医疗,深证成份指
373,2020-11-15,002958.SZ,青农商行,深证成份指
374,2020-11-15,002961.SZ,瑞达期货,深证成份指
375,2020-11-15,002966.SZ,苏州银行,深证成份指
376,2020-11-15,003816.SZ,中国广核,深证成份指
377,2020-11-15,300001.SZ,特锐德,深证成份指
378,2020-11-15,300002.SZ,神州泰岳,深证成份指
379,2020-11-15,300003.SZ,乐普医疗,深证成份指
380,2020-11-15,300009.SZ,安科生物,深证成份指
381,2020-11-15,300010.SZ,豆神教育,深证成份指
382,2020-11-15,300012.SZ,华测检测,深证成份指
383,2020-11-15,300014.SZ,亿纬锂能,深证成份指
384,2020-11-15,300015.SZ,爱尔眼科,深证成份指
385,2020-11-15,300017.SZ,网宿科技,深证成份指
386,2020-11-15,300024.SZ,机器人,深证成份指
387,2020-11-15,300026.SZ,红日药业,深证成份指
388,2020-11-15,300033.SZ,同花顺,深证成份指
389,2020-11-15,300036.SZ,超图软件,深证成份指
390,2020-11-15,300037.SZ,新宙邦,深证成份指
391,2020-11-15,300038.SZ,数知科技,深证成份指
392,2020-11-15,300053.SZ,欧比特,深证成份指
393,2020-11-15,300054.SZ,鼎龙股份,深证成份指
394,2020-11-15,300058.SZ,蓝色光标,深证成份指
395,2020-11-15,300059.SZ,东方财富,深证成份指
396,2020-11-15,300068.SZ,南都电源,深证成份指
397,2020-11-15,300070.SZ,碧水源,深证成份指
398,2020-11-15,300072.SZ,三聚环保,深证成份指
399,2020-11-15,300073.SZ,当升科技,深证成份指
400,2020-11-15,300078.SZ,思创医惠,深证成份指
401,2020-11-15,300085.SZ,银之杰,深证成份指
402,2020-11-15,300088.SZ,长信科技,深证成份指
403,2020-11-15,300098.SZ,高新兴,深证成份指
404,2020-11-15,300113.SZ,顺网科技,深证成份指
405,2020-11-15,300115.SZ,长盈精密,深证成份指
406,2020-11-15,300118.SZ,东方日升,深证成份指
407,2020-11-15,300122.SZ,智飞生物,深证成份指
408,2020-11-15,300124.SZ,汇川技术,深证成份指
409,2020-11-15,300133.SZ,华策影视,深证成份指
410,2020-11-15,300136.SZ,信维通信,深证成份指
411,2020-11-15,300142.SZ,沃森生物,深证成份指
412,2020-11-15,300144.SZ,宋城演艺,深证成份指
413,2020-11-15,300146.SZ,汤臣倍健,深证成份指
414,2020-11-15,300166.SZ,东方国信,深证成份指
415,2020-11-15,300168.SZ,万达信息,深证成份指
416,2020-11-15,300170.SZ,汉得信息,深证成份指
417,2020-11-15,300180.SZ,华峰超纤,深证成份指
418,2020-11-15,300182.SZ,捷成股份,深证成份指
419,2020-11-15,300188.SZ,美亚柏科,深证成份指
420,2020-11-15,300207.SZ,欣旺达,深证成份指
421,2020-11-15,300212.SZ,易华录,深证成份指
422,2020-11-15,300223.SZ,北京君正,深证成份指
423,2020-11-15,300226.SZ,上海钢联,深证成份指
424,2020-11-15,300244.SZ,迪安诊断,深证成份指
425,2020-11-15,300251.SZ,光线传媒,深证成份指
426,2020-11-15,300253.SZ,卫宁健康,深证成份指
427,2020-11-15,300257.SZ,开山股份,深证成份指
428,2020-11-15,300271.SZ,华宇软件,深证成份指
429,2020-11-15,300274.SZ,阳光电源,深证成份指
430,2020-11-15,300285.SZ,国瓷材料,深证成份指
431,2020-11-15,300294.SZ,博雅生物,深证成份指
432,2020-11-15,300296.SZ,利亚德,深证成份指
433,2020-11-15,300308.SZ,中际旭创,深证成份指
434,2020-11-15,300315.SZ,掌趣科技,深证成份指
435,2020-11-15,300316.SZ,晶盛机电,深证成份指
436,2020-11-15,300324.SZ,旋极信息,深证成份指
437,2020-11-15,300326.SZ,凯利泰,深证成份指
438,2020-11-15,300339.SZ,润和软件,深证成份指
439,2020-11-15,300347.SZ,泰格医药,深证成份指
440,2020-11-15,300348.SZ,长亮科技,深证成份指
441,2020-11-15,300357.SZ,我武生物,深证成份指
442,2020-11-15,300369.SZ,绿盟科技,深证成份指
443,2020-11-15,300373.SZ,扬杰科技,深证成份指
444,2020-11-15,300377.SZ,赢时胜,深证成份指
445,2020-11-15,300379.SZ,东方通,深证成份指
446,2020-11-15,300383.SZ,光环新网,深证成份指
447,2020-11-15,300408.SZ,三环集团,深证成份指
448,2020-11-15,300413.SZ,芒果超媒,深证成份指
449,2020-11-15,300418.SZ,昆仑万维,深证成份指
450,2020-11-15,300433.SZ,蓝思科技,深证成份指
451,2020-11-15,300450.SZ,先导智能,深证成份指
452,2020-11-15,300451.SZ,创业慧康,深证成份指
453,2020-11-15,300454.SZ,深信服,深证成份指
454,2020-11-15,300456.SZ,赛微电子,深证成份指
455,2020-11-15,300457.SZ,赢合科技,深证成份指
456,2020-11-15,300458.SZ,全志科技,深证成份指
457,2020-11-15,300459.SZ,金科文化,深证成份指
458,2020-11-15,300463.SZ,迈克生物,深证成份指
459,2020-11-15,300474.SZ,景嘉微,深证成份指
460,2020-11-15,300476.SZ,胜宏科技,深证成份指
461,2020-11-15,300482.SZ,万孚生物,深证成份指
462,2020-11-15,300496.SZ,中科创达,深证成份指
463,2020-11-15,300498.SZ,温氏股份,深证成份指
464,2020-11-15,300502.SZ,新易盛,深证成份指
465,2020-11-15,300527.SZ,中船应急,深证成份指
466,2020-11-15,300529.SZ,健帆生物,深证成份指
467,2020-11-15,300558.SZ,贝达药业,深证成份指
468,2020-11-15,300567.SZ,精测电子,深证成份指
469,2020-11-15,300595.SZ,欧普康视,深证成份指
470,2020-11-15,300601.SZ,康泰生物,深证成份指
471,2020-11-15,300602.SZ,飞荣达,深证成份指
472,2020-11-15,300616.SZ,尚品宅配,深证成份指
473,2020-11-15,300618.SZ,寒锐钴业,深证成份指
474,2020-11-15,300628.SZ,亿联网络,深证成份指
475,2020-11-15,300630.SZ,普利制药,深证成份指
476,2020-11-15,300633.SZ,开立医疗,深证成份指
477,2020-11-15,300634.SZ,彩讯股份,深证成份指
478,2020-11-15,300661.SZ,圣邦股份,深证成份指
479,2020-11-15,300666.SZ,江丰电子,深证成份指
480,2020-11-15,300674.SZ,宇信科技,深证成份指
481,2020-11-15,300676.SZ,华大基因,深证成份指
482,2020-11-15,300682.SZ,朗新科技,深证成份指
483,2020-11-15,300699.SZ,光威复材,深证成份指
484,2020-11-15,300724.SZ,捷佳伟创,深证成份指
485,2020-11-15,300735.SZ,光弘科技,深证成份指
486,2020-11-15,300741.SZ,华宝股份,深证成份指
487,2020-11-15,300747.SZ,锐科激光,深证成份指
488,2020-11-15,300748.SZ,金力永磁,深证成份指
489,2020-11-15,300750.SZ,宁德时代,深证成份指
490,2020-11-15,300759.SZ,康龙化成,深证成份指
491,2020-11-15,300760.SZ,迈瑞医疗,深证成份指
492,2020-11-15,300761.SZ,立华股份,深证成份指
493,2020-11-15,300766.SZ,每日互动,深证成份指
494,2020-11-15,300768.SZ,迪普科技,深证成份指
495,2020-11-15,300770.SZ,新媒股份,深证成份指
496,2020-11-15,300773.SZ,拉卡拉,深证成份指
497,2020-11-15,300775.SZ,三角防务,深证成份指
498,2020-11-15,300777.SZ,中简科技,深证成份指
499,2020-11-15,300782.SZ,卓胜微,深证成份指
500,2020-11-15,300783.SZ,三只松鼠,深证成份指
